"Time","run_number","fill","last_lumi","last_era","last_delay_h","last_global","last_globaltag","last_endtime","last_re-tracking-efficiency-analysis-harvester","last_re-tracking-efficiency-analysis-worker","last_re-tracking-efficiency-analysis-worker-with-reco","last_re-tracking-efficiency-reference-harvester","last_re-tracking-efficiency-reference-worker","last_tracking-efficiency","last_tracking-efficiency-alcareco","last_tracking-efficiency-analysis-harvester","last_tracking-efficiency-analysis-worker","last_tracking-efficiency-reference-harvester","last_tracking-efficiency-reference-worker","last_re-alcareco","last_plotters","first_delay_h"
2025-07-12 16:33:35.300,378985,9474,0.259,Run2024B,15468,done,150X_dataRun3_v4,2024-04-06T05:25:50Z,done,,done,done,done,,,,,,,,,15464
2025-07-12 16:33:35.300,378993,9475,0.143,Run2024B,15464,done,150X_dataRun3_v4,2024-04-06T08:31:59Z,done,,done,done,done,,,,,,,,,15461
2025-07-12 16:33:35.300,379011,9475,0.478,Run2024B,15459,done,150X_dataRun3_v4,2024-04-06T14:32:45Z,done,,done,done,done,,,,,,,,,15455
2025-07-12 16:33:35.300,379012,9475,0.495,Run2024B,15456,done,150X_dataRun3_v4,2024-04-06T17:36:33Z,done,,done,done,done,,,,,,,,,15452
2025-07-12 16:33:35.300,379028,9476,0.792,Run2024B,15450,done,150X_dataRun3_v4,2024-04-06T23:23:41Z,done,,done,done,done,,,,,,,,,15446
2025-07-12 16:33:35.300,379031,9476,0.396,Run2024B,15447,done,150X_dataRun3_v4,2024-04-07T01:58:45Z,done,,done,done,done,,,,,,,,,15444
2025-07-12 16:33:35.300,379058,9479,10.0,Run2024B,15434,done,150X_dataRun3_v4,2024-04-07T14:55:00Z,done,,done,done,done,,,,,,,,,15431
2025-07-12 16:33:35.300,379075,9483,4.28,Run2024B,15420,done,150X_dataRun3_v4,2024-04-08T04:54:34Z,done,,done,done,done,,,,,,,,,15417
2025-07-12 16:33:35.300,379154,9485,11.6,Run2024B,15396,done,150X_dataRun3_v4,2024-04-09T05:04:49Z,done,,done,done,done,,,,,,,,,15393
2025-07-12 16:33:35.300,379238,9496,17.4,Run2024B,15359,done,150X_dataRun3_v4,2024-04-10T18:36:32Z,done,,done,done,done,,,,,,,,,15355
2025-07-12 16:33:35.300,379243,9497,19.8,Run2024B,15355,done,150X_dataRun3_v4,2024-04-10T22:33:01Z,done,,done,done,done,,,,,,,,,15351
2025-07-12 16:33:35.300,379252,9499,45.6,Run2024B,15347,done,150X_dataRun3_v4,2024-04-11T06:07:11Z,done,,done,done,done,,,,,,,,,15344
2025-07-12 16:33:35.300,379253,9499,7.93,Run2024B,15346,done,150X_dataRun3_v4,2024-04-11T06:54:09Z,done,,done,done,done,,,,,,,,,15343
2025-07-12 16:33:35.300,379338,9510,11.9,Run2024B,15314,done,150X_dataRun3_v4,2024-04-12T15:39:22Z,done,,done,done,done,,,,,,,,,15310
2025-07-12 16:33:35.300,379416,9517,44.7,Run2024C,15262,done,150X_dataRun3_v4,2024-04-14T19:04:26Z,done,,done,done,done,,,,,,,,,15259
2025-07-12 16:33:35.300,379420,9518,111,Run2024C,15257,done,150X_dataRun3_v4,2024-04-15T00:25:51Z,done,,done,done,done,,,,,,,,,15253
2025-07-12 16:33:35.300,379425,9519,38.4,Run2024C,15254,done,150X_dataRun3_v4,2024-04-15T03:24:43Z,done,,done,done,done,,,,,,,,,15250
2025-07-12 16:33:35.300,379442,9521,55.1,Run2024C,15248,done,150X_dataRun3_v4,2024-04-15T08:53:32Z,done,,done,done,done,,,,,,,,,15245
2025-07-12 16:33:35.300,379454,9523,103,Run2024C,15243,done,150X_dataRun3_v4,2024-04-15T14:42:35Z,done,,done,done,done,,,,,,,,,15239
2025-07-12 16:33:35.300,379456,9523,205,Run2024C,15235,done,150X_dataRun3_v4,2024-04-15T22:36:43Z,done,,done,done,done,,,,,,,,,15231
2025-07-12 16:33:35.300,379470,9525,172,Run2024C,15227,done,150X_dataRun3_v4,2024-04-16T05:53:03Z,done,,done,done,done,,,,,,,,,15224
2025-07-12 16:33:35.300,379530,9530,191,Run2024C,15204,done,150X_dataRun3_v4,2024-04-17T05:07:18Z,done,,done,done,done,,,,,,,,,15201
2025-07-12 16:33:35.300,379613,9537,33.8,Run2024C,15180,done,150X_dataRun3_v4,2024-04-18T04:10:18Z,done,,done,done,done,,,,,,,,,15177
2025-07-12 16:33:35.300,379617,9537,222,Run2024C,15176,done,150X_dataRun3_v4,2024-04-18T08:41:52Z,done,,done,done,done,,,,,,,,,15173
2025-07-12 16:33:35.300,379618,9537,104,Run2024C,15174,done,150X_dataRun3_v4,2024-04-18T11:05:49Z,done,,done,done,done,,,,,,,,,15171
2025-07-12 16:33:35.300,379660,9539,446,Run2024C,15159,done,150X_dataRun3_v4,2024-04-19T02:34:21Z,done,,done,done,done,,,,,,,,,15155
2025-07-12 16:33:35.300,379661,9539,178,Run2024C,15152,done,150X_dataRun3_v4,2024-04-19T08:33:28Z,done,,done,done,done,,,,,,,,,15149
2025-07-12 16:33:35.300,379729,9543,471,Run2024C,15134,done,150X_dataRun3_v4,2024-04-20T03:13:34Z,done,,done,done,done,,,,,,,,,15130
2025-07-12 16:33:35.300,379765,9548,559,Run2024C,15112,done,150X_dataRun3_v4,2024-04-21T01:02:06Z,done,,done,done,done,,,,,,,,,15109
2025-07-12 16:33:35.300,379774,9549,53.9,Run2024C,15108,done,150X_dataRun3_v4,2024-04-21T04:29:16Z,done,,done,done,done,,,,,,,,,15105
2025-07-12 16:33:35.300,379866,9559,288,Run2024C,15036,done,150X_dataRun3_v4,2024-04-24T05:22:35Z,done,,done,done,done,,,,,,,,,15032
2025-07-12 16:33:35.300,379984,9562,248,Run2024C,15000,done,150X_dataRun3_v4,2024-04-25T17:48:43Z,done,,done,done,done,,,,,,,,,14996
2025-07-12 16:33:35.300,380001,9564,245,Run2024C,14992,done,150X_dataRun3_v4,2024-04-26T01:10:13Z,done,,done,done,done,,,,,,,,,14988
2025-07-12 16:33:35.300,380005,9565,373,Run2024C,14983,done,150X_dataRun3_v4,2024-04-26T10:05:33Z,done,,done,done,done,,,,,,,,,14980
2025-07-12 16:33:35.300,380007,9565,38.7,Run2024C,14981,done,150X_dataRun3_v4,2024-04-26T11:08:04Z,done,,done,done,done,,,,,,,,,14979
2025-07-12 16:33:35.300,380029,9566,17.9,Run2024C,14977,done,150X_dataRun3_v4,2024-04-26T15:34:06Z,done,,done,done,done,,,,,,,,,14974
2025-07-12 16:33:35.300,380030,9566,145,Run2024C,14974,done,150X_dataRun3_v4,2024-04-26T17:54:48Z,done,,done,done,done,,,,,,,,,14972
2025-07-12 16:33:35.300,380032,9566,66.1,Run2024C,14973,done,150X_dataRun3_v4,2024-04-26T19:18:14Z,done,,done,done,done,,,,,,,,,14970
2025-07-12 16:33:35.300,380043,9567,362,Run2024C,14965,done,150X_dataRun3_v4,2024-04-27T04:35:45Z,done,,done,done,done,,,,,,,,,14961
2025-07-12 16:33:35.300,380049,9568,353,Run2024C,14956,done,150X_dataRun3_v4,2024-04-27T12:48:43Z,done,,done,done,done,,,,,,,,,14953
2025-07-12 16:33:35.300,380051,9568,228,Run2024C,14952,done,150X_dataRun3_v4,2024-04-27T17:41:05Z,done,,done,done,done,,,,,,,,,14948
2025-07-12 16:33:35.300,380053,9568,32.0,Run2024C,14950,done,150X_dataRun3_v4,2024-04-27T18:47:12Z,done,,done,done,done,,,,,,,,,14947
2025-07-12 16:33:35.300,380056,9568,38.5,Run2024C,14948,done,150X_dataRun3_v4,2024-04-27T20:03:42Z,done,,done,done,done,,,,,,,,,14946
2025-07-12 16:33:35.300,380066,9569,223,Run2024C,14942,done,150X_dataRun3_v4,2024-04-28T01:53:19Z,done,,done,done,done,,,,,,,,,14940
2025-07-12 16:33:35.300,380074,9570,492,Run2024C,14930,done,150X_dataRun3_v4,2024-04-28T15:01:17Z,done,,done,done,done,,,,,,,,,14927
2025-07-12 16:33:35.300,380115,9573,641,Run2024C,14900,done,150X_dataRun3_v4,2024-04-29T21:22:16Z,done,,done,done,done,,,,,,,,,14896
2025-07-12 16:33:35.300,380126,9574,401,Run2024C,14892,done,150X_dataRun3_v4,2024-04-30T05:40:06Z,done,,done,done,done,,,,,,,,,14888
2025-07-12 16:33:35.300,380127,9574,177,Run2024C,14888,done,150X_dataRun3_v4,2024-04-30T09:11:20Z,done,,done,done,done,,,,,,,,,14884
2025-07-12 16:33:35.300,380128,9574,106,Run2024C,14886,done,150X_dataRun3_v4,2024-04-30T11:48:05Z,done,,done,done,done,,,,,,,,,14882
2025-07-12 16:33:35.300,380195,9575,42.9,Run2024C,14872,done,150X_dataRun3_v4,2024-05-01T00:02:50Z,done,,done,done,done,,,,,,,,,14870
2025-07-12 16:33:35.300,380197,9575,165,Run2024C,14870,done,150X_dataRun3_v4,2024-05-01T02:32:14Z,done,,done,done,done,,,,,,,,,14867
2025-07-12 16:33:35.300,380235,9579,103,Run2024C,14854,done,150X_dataRun3_v4,2024-05-01T19:09:17Z,done,,done,done,done,,,,,,,,,14850
2025-07-12 16:33:35.300,380306,9585,98.4,Run2024D,14828,done,150X_dataRun3_v4,2024-05-02T21:29:50Z,done,,done,done,done,,,,,,,,,14824
2025-07-12 16:33:35.300,380309,9585,157,Run2024D,14825,done,150X_dataRun3_v4,2024-05-03T00:17:35Z,done,,done,done,done,,,,,,,,,14821
2025-07-12 16:33:35.300,380310,9585,423,Run2024D,14817,done,150X_dataRun3_v4,2024-05-03T08:36:54Z,done,,done,done,done,,,,,,,,,14813
2025-07-12 16:33:35.300,380346,9593,241,Run2024D,14805,done,150X_dataRun3_v4,2024-05-03T20:16:56Z,done,,done,done,done,,,,,,,,,14801
2025-07-12 16:33:35.300,380348,9593,136,Run2024D,14803,done,150X_dataRun3_v4,2024-05-03T22:35:40Z,done,,done,done,done,,,,,,,,,14799
2025-07-12 16:33:35.300,380349,9593,215,Run2024D,14798,done,150X_dataRun3_v4,2024-05-04T03:09:48Z,done,,done,done,done,,,,,,,,,14794
2025-07-12 16:33:35.300,380360,9594,693,Run2024D,14782,done,150X_dataRun3_v4,2024-05-04T19:34:03Z,done,,done,done,done,,,,,,,,,14778
2025-07-12 16:33:35.300,380377,9602,180,Run2024D,14775,done,150X_dataRun3_v4,2024-05-05T02:33:55Z,done,,done,done,done,,,,,,,,,14771
2025-07-12 16:33:35.300,380384,9603,329,Run2024D,14765,done,150X_dataRun3_v4,2024-05-05T11:52:26Z,done,,done,done,done,,,,,,,,,14762
2025-07-12 16:33:35.300,380385,9603,400,Run2024D,14757,done,150X_dataRun3_v4,2024-05-05T20:02:02Z,done,,done,done,done,,,,,,,,,14754
2025-07-12 16:33:35.300,380399,9604,221,Run2024D,14751,done,150X_dataRun3_v4,2024-05-06T02:38:36Z,done,,done,done,done,,,,,,,,,14747
2025-07-12 16:33:35.300,380403,9604,113,Run2024D,14748,done,150X_dataRun3_v4,2024-05-06T05:07:59Z,done,,done,done,done,,,,,,,,,14745
2025-07-12 16:33:35.300,380444,9605,141,Run2024D,14736,done,150X_dataRun3_v4,2024-05-06T17:27:29Z,done,,done,done,done,,,,,,,,,14732
2025-07-12 16:33:35.300,380446,9605,412,Run2024D,14729,done,150X_dataRun3_v4,2024-05-07T00:16:15Z,done,,done,done,done,,,,,,,,,14725
2025-07-12 16:33:35.300,380447,9605,213,Run2024D,14724,done,150X_dataRun3_v4,2024-05-07T05:38:10Z,done,,done,done,done,,,,,,,,,14720
2025-07-12 16:33:35.300,380466,9606,220,Run2024D,14717,done,150X_dataRun3_v4,2024-05-07T12:50:44Z,done,,done,done,done,,,,,,,,,14713
2025-07-12 16:33:35.300,380470,9606,532,Run2024D,14706,done,150X_dataRun3_v4,2024-05-07T23:44:52Z,done,,done,done,done,,,,,,,,,14702
2025-07-12 16:33:35.300,380481,9608,373,Run2024D,14694,done,150X_dataRun3_v4,2024-05-08T11:16:29Z,done,,done,done,done,,,,,,,,,14690
2025-07-12 16:33:35.300,380513,9609,485,Run2024D,14677,done,150X_dataRun3_v4,2024-05-09T04:05:42Z,done,,done,done,done,,,,,,,,,14674
2025-07-12 16:33:35.300,380531,9610,434,Run2024D,14668,done,150X_dataRun3_v4,2024-05-09T13:44:07Z,done,,done,done,done,,,,,,,,,14664
2025-07-12 16:33:35.300,380534,9610,236,Run2024D,14661,done,150X_dataRun3_v4,2024-05-09T18:56:04Z,done,,done,done,done,,,,,,,,,14659
2025-07-12 16:33:35.300,380538,9610,34.6,Run2024D,14660,done,150X_dataRun3_v4,2024-05-09T20:37:03Z,done,,done,done,done,,,,,,,,,14657
2025-07-12 16:33:35.300,380564,9611,325,Run2024D,14653,done,150X_dataRun3_v4,2024-05-10T04:39:14Z,done,,done,done,done,,,,,,,,,14649
2025-07-12 16:33:35.300,380567,9611,346,Run2024D,14645,done,150X_dataRun3_v4,2024-05-10T11:58:53Z,done,,done,done,done,,,,,,,,,14642
2025-07-12 16:33:35.300,380623,9614,166,Run2024D,14610,done,150X_dataRun3_v4,2024-05-11T23:14:12Z,done,,done,done,done,,,,,,,,,14606
2025-07-12 16:33:35.300,380624,9614,328,Run2024D,14605,done,150X_dataRun3_v4,2024-05-12T04:31:59Z,done,,done,done,done,,,,,,,,,14601
2025-07-12 16:33:35.300,380627,9614,224,Run2024D,14599,done,150X_dataRun3_v4,2024-05-12T10:06:48Z,done,,done,done,done,,,,,,,,,14596
2025-07-12 16:33:35.300,380647,9618,157,Run2024D,14584,done,150X_dataRun3_v4,2024-05-13T00:54:43Z,done,,done,done,done,,,,,,,,,14581
2025-07-12 16:33:35.300,380649,9618,227,Run2024D,14580,done,150X_dataRun3_v4,2024-05-13T05:33:44Z,done,,done,done,done,,,,,,,,,14576
2025-07-12 16:33:35.300,380933,9651,12.4,Run2024D,14420,done,150X_dataRun3_v4,2024-05-19T21:26:01Z,done,,done,done,done,,,,,,,,,14416
2025-07-12 16:33:35.300,380945,9653,100,Run2024D,14409,done,150X_dataRun3_v4,2024-05-20T08:15:02Z,done,,done,done,done,,,,,,,,,14405
2025-07-12 16:33:35.300,380947,9653,271,Run2024D,14400,done,150X_dataRun3_v4,2024-05-20T17:00:33Z,done,,done,done,done,,,,,,,,,14397
2025-07-12 16:33:35.300,380963,9654,379,Run2024E,14391,done,150X_dataRun3_v4,2024-05-21T02:44:50Z,done,,done,done,done,,,,,,,,,14387
2025-07-12 16:33:35.300,381022,9659,218,Run2024E,14366,done,150X_dataRun3_v4,2024-05-22T03:44:03Z,done,,done,done,done,,,,,,,,,14362
2025-07-12 16:33:35.300,381053,9661,36.5,Run2024E,14359,done,150X_dataRun3_v4,2024-05-22T09:58:47Z,done,,done,done,done,,,,,,,,,14356
2025-07-12 16:33:35.300,381065,9662,350,Run2024E,14352,done,150X_dataRun3_v4,2024-05-22T17:23:50Z,done,,done,done,done,,,,,,,,,14348
2025-07-12 16:33:35.300,381067,9662,134,Run2024E,14350,done,150X_dataRun3_v4,2024-05-22T19:46:52Z,done,,done,done,done,,,,,,,,,14346
2025-07-12 16:33:35.300,381069,9662,98.9,Run2024E,14346,done,150X_dataRun3_v4,2024-05-22T22:19:04Z,done,,done,done,done,,,,,,,,,14343
2025-07-12 16:33:35.300,381070,9662,121,Run2024E,14344,done,150X_dataRun3_v4,2024-05-23T01:10:02Z,done,,done,done,done,,,,,,,,,14340
2025-07-12 16:33:35.300,381075,9663,195,Run2024E,14338,done,150X_dataRun3_v4,2024-05-23T06:37:28Z,done,,done,done,done,,,,,,,,,14335
2025-07-12 16:33:35.300,381078,9663,143,Run2024E,14336,done,150X_dataRun3_v4,2024-05-23T09:03:55Z,done,,done,done,done,,,,,,,,,14333
2025-07-12 16:33:35.300,381079,9663,141,Run2024E,14333,done,150X_dataRun3_v4,2024-05-23T11:41:30Z,done,,done,done,done,,,,,,,,,14330
2025-07-12 16:33:35.300,381080,9663,110,Run2024E,14331,done,150X_dataRun3_v4,2024-05-23T14:11:50Z,done,,done,done,done,,,,,,,,,14327
2025-07-12 16:33:35.300,381113,9664,109,Run2024E,14324,done,150X_dataRun3_v4,2024-05-23T20:09:04Z,done,,done,done,done,,,,,,,,,14321
2025-07-12 16:33:35.300,381114,9664,208,Run2024E,14321,done,150X_dataRun3_v4,2024-05-23T23:09:14Z,done,,done,done,done,,,,,,,,,14318
2025-07-12 16:33:35.300,381115,9664,420,Run2024E,14314,done,150X_dataRun3_v4,2024-05-24T07:44:00Z,done,,done,done,done,,,,,,,,,14310
2025-07-12 16:33:35.300,381147,9666,77.0,Run2024E,14309,done,150X_dataRun3_v4,2024-05-24T12:34:29Z,done,,done,done,done,,,,,,,,,14305
2025-07-12 16:33:35.300,381148,9666,128,Run2024E,14307,done,150X_dataRun3_v4,2024-05-24T14:27:52Z,done,,done,done,done,,,,,,,,,14303
2025-07-12 16:33:35.300,381149,9666,61.4,Run2024E,14306,done,150X_dataRun3_v4,2024-05-24T15:22:53Z,done,,done,done,done,,,,,,,,,14302
2025-07-12 16:33:35.300,381151,9666,307,Run2024E,14300,done,150X_dataRun3_v4,2024-05-24T21:15:43Z,done,,done,done,done,,,,,,,,,14296
2025-07-12 16:33:35.300,381152,9666,54.0,Run2024E,14299,done,150X_dataRun3_v4,2024-05-24T22:35:37Z,done,,done,done,done,,,,,,,,,14295
2025-07-12 16:33:35.300,381164,9667,515,Run2024E,14289,done,150X_dataRun3_v4,2024-05-25T08:28:29Z,done,,done,done,done,,,,,,,,,14285
2025-07-12 16:33:35.300,381190,9670,482,Run2024E,14277,done,150X_dataRun3_v4,2024-05-25T20:23:13Z,done,,done,done,done,,,,,,,,,14273
2025-07-12 16:33:35.300,381191,9670,340,Run2024E,14270,done,150X_dataRun3_v4,2024-05-26T03:43:46Z,done,,done,done,done,,,,,,,,,14266
2025-07-12 16:33:35.300,381199,9672,58.9,Run2024E,14263,done,150X_dataRun3_v4,2024-05-26T10:23:42Z,done,,done,done,done,,,,,,,,,14259
2025-07-12 16:33:35.300,381212,9674,167,Run2024E,14242,done,150X_dataRun3_v4,2024-05-27T06:28:34Z,done,,done,done,done,,,,,,,,,14239
2025-07-12 16:33:35.300,381286,9677,320,Run2024E,14229,done,150X_dataRun3_v4,2024-05-27T20:51:45Z,done,,done,done,done,,,,,,,,,14225
2025-07-12 16:33:35.300,381309,9680,192,Run2024E,14216,done,150X_dataRun3_v4,2024-05-28T09:36:19Z,done,,done,done,done,,,,,,,,,14212
2025-07-12 16:33:35.300,381364,9684,176,Run2024E,14201,done,150X_dataRun3_v4,2024-05-29T00:19:47Z,done,,done,done,done,,,,,,,,,14197
2025-07-12 16:33:35.300,381365,9684,255,Run2024E,14196,done,150X_dataRun3_v4,2024-05-29T04:20:35Z,done,,done,done,done,,,,,,,,,14193
2025-07-12 16:33:35.300,381371,9686,78.8,Run2024E,14193,done,150X_dataRun3_v4,2024-05-29T08:03:18Z,done,,done,done,done,,,,,,,,,14190
2025-07-12 16:33:35.300,381379,9687,354,Run2024E,14185,done,150X_dataRun3_v4,2024-05-29T16:13:20Z,done,,done,done,done,,,,,,,,,14181
2025-07-12 16:33:35.300,381380,9687,398,Run2024E,14176,done,150X_dataRun3_v4,2024-05-30T01:11:15Z,done,,done,done,done,,,,,,,,,14172
2025-07-12 16:33:35.300,381384,9691,1008,Run2024E,14149,done,150X_dataRun3_v4,2024-05-31T04:00:48Z,done,,done,done,done,,,,,,,,,14146
2025-07-12 16:33:35.300,381417,9694,679,Run2024E,14128,done,150X_dataRun3_v4,2024-06-01T01:25:41Z,done,,done,done,done,,,,,,,,,14124
2025-07-12 16:33:35.300,381443,9696,590,Run2024E,14107,done,150X_dataRun3_v4,2024-06-01T22:21:25Z,done,,done,done,done,,,,,,,,,14103
2025-07-12 16:33:35.300,381477,9700,126,Run2024E,14091,done,150X_dataRun3_v4,2024-06-02T13:50:32Z,done,,done,done,done,,,,,,,,,14088
2025-07-12 16:33:35.300,381479,9700,192,Run2024E,14089,done,150X_dataRun3_v4,2024-06-02T16:46:56Z,done,,done,done,done,,,,,,,,,14085
2025-07-12 16:33:35.300,381480,9700,405,Run2024E,14081,done,150X_dataRun3_v4,2024-06-03T01:10:31Z,done,,done,done,done,,,,,,,,,14076
2025-07-12 16:33:35.300,381484,9701,551,Run2024E,14069,done,150X_dataRun3_v4,2024-06-03T11:54:16Z,done,,done,done,done,,,,,,,,,14066
2025-07-12 16:33:35.300,381499,9705,75.6,Run2024E,14064,done,150X_dataRun3_v4,2024-06-03T17:34:04Z,done,,done,done,done,,,,,,,,,14060
2025-07-12 16:33:35.300,381500,9705,39.9,Run2024E,14063,done,150X_dataRun3_v4,2024-06-03T18:25:16Z,done,,done,done,done,,,,,,,,,14059
2025-07-12 16:33:35.300,381515,9707,217,Run2024E,14056,done,150X_dataRun3_v4,2024-06-04T01:21:16Z,done,,done,done,done,,,,,,,,,14052
2025-07-12 16:33:35.300,381516,9707,557,Run2024E,14045,done,150X_dataRun3_v4,2024-06-04T12:15:42Z,done,,done,done,done,,,,,,,,,14041
2025-07-12 16:33:35.300,381543,9708,224,Run2024E,14039,done,150X_dataRun3_v4,2024-06-04T18:06:34Z,done,,done,done,done,,,,,,,,,14036
2025-07-12 16:33:35.300,381544,9708,672,Run2024E,14025,done,150X_dataRun3_v4,2024-06-05T08:43:45Z,done,,done,done,done,,,,,,,,,14021